,fdr,tpr,fpr,shd,nnz,mse,mse_true,delta_C
0,0.29411764705882354,0.8571428571428571,0.16129032258064516,7.0,17.0,3.028994474550394,2.0130536403941615,106.41432392849246
